-- CAMPEONATO
INSERT INTO CAMPEONATO (CODIGOCAMPEONATO, NOMECAMPEONATO, PONTUACAOVITORIA, PONTUACAOEMPATE, PONTUACAODERROTA, PONTUACAOACERTOEXATO, PONTUACAOACERTOPARCIAL, VALORAPOSTA, PREMIOPOSICAO1, PREMIOPOSICAO2, PREMIOPOSICAO3) VALUES (1, 'COPA DO MUNDO 2022', 3, 1, 0, 3, 1, 20, 70, 20, 10);


-- CAMPEONATOCRITERIODESEMPATE
INSERT INTO CAMPEONATOCRITERIODESEMPATE (CODIGOCAMPEONATO, CRITERIODESEMPATE, PESOCRITERIODESEMPATE) VALUES (1, 1, 1000);
INSERT INTO CAMPEONATOCRITERIODESEMPATE (CODIGOCAMPEONATO, CRITERIODESEMPATE, PESOCRITERIODESEMPATE) VALUES (1, 2, 100);
INSERT INTO CAMPEONATOCRITERIODESEMPATE (CODIGOCAMPEONATO, CRITERIODESEMPATE, PESOCRITERIODESEMPATE) VALUES (1, 3, 10);


-- ESTADIO
INSERT INTO ESTADIO (CODIGOESTADIO, NOMEESTADIO) VALUES (1, 'AL BAYT');
INSERT INTO ESTADIO (CODIGOESTADIO, NOMEESTADIO) VALUES (2, 'AL THUMAMA');
INSERT INTO ESTADIO (CODIGOESTADIO, NOMEESTADIO) VALUES (3, 'INTERNACIONAL KHALIFA');
INSERT INTO ESTADIO (CODIGOESTADIO, NOMEESTADIO) VALUES (4, 'AHMAD BIN ALI');
INSERT INTO ESTADIO (CODIGOESTADIO, NOMEESTADIO) VALUES (5, 'LUSAIL');
INSERT INTO ESTADIO (CODIGOESTADIO, NOMEESTADIO) VALUES (6, 'ESTÁDIO 974');
INSERT INTO ESTADIO (CODIGOESTADIO, NOMEESTADIO) VALUES (7, 'CIDADE DA EDUCAÇÃO');
INSERT INTO ESTADIO (CODIGOESTADIO, NOMEESTADIO) VALUES (8, 'AL JANOUB');


-- FASE
INSERT INTO FASE (CODIGOCAMPEONATO, CODIGOFASE, DESCRICAOFASE, TIPOFASE, ORDEMFASE) VALUES (1, 1, 'FASE DE GRUPOS', 1, 1);
INSERT INTO FASE (CODIGOCAMPEONATO, CODIGOFASE, DESCRICAOFASE, TIPOFASE, ORDEMFASE) VALUES (1, 2, 'OITAVAS DE FINAL', 2, 2);
INSERT INTO FASE (CODIGOCAMPEONATO, CODIGOFASE, DESCRICAOFASE, TIPOFASE, ORDEMFASE) VALUES (1, 3, 'QUARTAS DE FINAL', 2, 3);
INSERT INTO FASE (CODIGOCAMPEONATO, CODIGOFASE, DESCRICAOFASE, TIPOFASE, ORDEMFASE) VALUES (1, 4, 'SEMIFINAL', 2, 4);
INSERT INTO FASE (CODIGOCAMPEONATO, CODIGOFASE, DESCRICAOFASE, TIPOFASE, ORDEMFASE) VALUES (1, 5, 'DISPUTA DO 3º LUGAR', 2, 5);
INSERT INTO FASE (CODIGOCAMPEONATO, CODIGOFASE, DESCRICAOFASE, TIPOFASE, ORDEMFASE) VALUES (1, 6, 'FINAL', 2, 6);


-- GRUPO
INSERT INTO GRUPO (CODIGOCAMPEONATO, CODIGOGRUPO, DESCRICAOGRUPO, ORDEMGRUPO) VALUES (1, 1, 'GRUPO A', 1);
INSERT INTO GRUPO (CODIGOCAMPEONATO, CODIGOGRUPO, DESCRICAOGRUPO, ORDEMGRUPO) VALUES (1, 2, 'GRUPO B', 2);
INSERT INTO GRUPO (CODIGOCAMPEONATO, CODIGOGRUPO, DESCRICAOGRUPO, ORDEMGRUPO) VALUES (1, 3, 'GRUPO C', 3);
INSERT INTO GRUPO (CODIGOCAMPEONATO, CODIGOGRUPO, DESCRICAOGRUPO, ORDEMGRUPO) VALUES (1, 4, 'GRUPO D', 4);
INSERT INTO GRUPO (CODIGOCAMPEONATO, CODIGOGRUPO, DESCRICAOGRUPO, ORDEMGRUPO) VALUES (1, 5, 'GRUPO E', 5);
INSERT INTO GRUPO (CODIGOCAMPEONATO, CODIGOGRUPO, DESCRICAOGRUPO, ORDEMGRUPO) VALUES (1, 6, 'GRUPO F', 6);
INSERT INTO GRUPO (CODIGOCAMPEONATO, CODIGOGRUPO, DESCRICAOGRUPO, ORDEMGRUPO) VALUES (1, 7, 'GRUPO G', 7);
INSERT INTO GRUPO (CODIGOCAMPEONATO, CODIGOGRUPO, DESCRICAOGRUPO, ORDEMGRUPO) VALUES (1, 8, 'GRUPO H', 8);


-- TIME
INSERT INTO TIME (CODIGOTIME, NOMETIME) VALUES (1, 'Catar');
INSERT INTO TIME (CODIGOTIME, NOMETIME) VALUES (2, 'Equador');
INSERT INTO TIME (CODIGOTIME, NOMETIME) VALUES (3, 'Senegal');
INSERT INTO TIME (CODIGOTIME, NOMETIME) VALUES (4, 'Holanda');
INSERT INTO TIME (CODIGOTIME, NOMETIME) VALUES (5, 'Inglaterra');
INSERT INTO TIME (CODIGOTIME, NOMETIME) VALUES (6, 'Irã');
INSERT INTO TIME (CODIGOTIME, NOMETIME) VALUES (7, 'Estados Unidos');
INSERT INTO TIME (CODIGOTIME, NOMETIME) VALUES (8, 'País de Gales');
INSERT INTO TIME (CODIGOTIME, NOMETIME) VALUES (9, 'Argentina');
INSERT INTO TIME (CODIGOTIME, NOMETIME) VALUES (10, 'Arábia Saudita');
INSERT INTO TIME (CODIGOTIME, NOMETIME) VALUES (11, 'México');
INSERT INTO TIME (CODIGOTIME, NOMETIME) VALUES (12, 'Polônia');
INSERT INTO TIME (CODIGOTIME, NOMETIME) VALUES (13, 'Dinamarca');
INSERT INTO TIME (CODIGOTIME, NOMETIME) VALUES (14, 'Tunísia');
INSERT INTO TIME (CODIGOTIME, NOMETIME) VALUES (15, 'França');
INSERT INTO TIME (CODIGOTIME, NOMETIME) VALUES (16, 'Austrália');
INSERT INTO TIME (CODIGOTIME, NOMETIME) VALUES (17, 'Alemanha');
INSERT INTO TIME (CODIGOTIME, NOMETIME) VALUES (18, 'Japão');
INSERT INTO TIME (CODIGOTIME, NOMETIME) VALUES (19, 'Espanha');
INSERT INTO TIME (CODIGOTIME, NOMETIME) VALUES (20, 'Costa Rica');
INSERT INTO TIME (CODIGOTIME, NOMETIME) VALUES (21, 'Marrocos');
INSERT INTO TIME (CODIGOTIME, NOMETIME) VALUES (22, 'Croácia');
INSERT INTO TIME (CODIGOTIME, NOMETIME) VALUES (23, 'Bélgica');
INSERT INTO TIME (CODIGOTIME, NOMETIME) VALUES (24, 'Canadá');
INSERT INTO TIME (CODIGOTIME, NOMETIME) VALUES (25, 'Suíça');
INSERT INTO TIME (CODIGOTIME, NOMETIME) VALUES (26, 'Camarões');
INSERT INTO TIME (CODIGOTIME, NOMETIME) VALUES (27, 'Brasil');
INSERT INTO TIME (CODIGOTIME, NOMETIME) VALUES (28, 'Sérvia');
INSERT INTO TIME (CODIGOTIME, NOMETIME) VALUES (29, 'Uruguai');
INSERT INTO TIME (CODIGOTIME, NOMETIME) VALUES (30, 'Coréia do Sul');
INSERT INTO TIME (CODIGOTIME, NOMETIME) VALUES (31, 'Portugal');
INSERT INTO TIME (CODIGOTIME, NOMETIME) VALUES (32, 'Gana');


-- GRUPOTIME
INSERT INTO GRUPOTIME (CODIGOCAMPEONATO, CODIGOGRUPO, CODIGOTIME, CLASSIFICACAOTIME, ORDEMTIME) VALUES (1, 1, 1, 1, 1);
INSERT INTO GRUPOTIME (CODIGOCAMPEONATO, CODIGOGRUPO, CODIGOTIME, CLASSIFICACAOTIME, ORDEMTIME) VALUES (1, 1, 2, 2, 2);
INSERT INTO GRUPOTIME (CODIGOCAMPEONATO, CODIGOGRUPO, CODIGOTIME, CLASSIFICACAOTIME, ORDEMTIME) VALUES (1, 1, 3, 3, 3);
INSERT INTO GRUPOTIME (CODIGOCAMPEONATO, CODIGOGRUPO, CODIGOTIME, CLASSIFICACAOTIME, ORDEMTIME) VALUES (1, 1, 4, 4, 4);
INSERT INTO GRUPOTIME (CODIGOCAMPEONATO, CODIGOGRUPO, CODIGOTIME, CLASSIFICACAOTIME, ORDEMTIME) VALUES (1, 2, 5, 1, 1);
INSERT INTO GRUPOTIME (CODIGOCAMPEONATO, CODIGOGRUPO, CODIGOTIME, CLASSIFICACAOTIME, ORDEMTIME) VALUES (1, 2, 6, 2, 2);
INSERT INTO GRUPOTIME (CODIGOCAMPEONATO, CODIGOGRUPO, CODIGOTIME, CLASSIFICACAOTIME, ORDEMTIME) VALUES (1, 2, 7, 3, 3);
INSERT INTO GRUPOTIME (CODIGOCAMPEONATO, CODIGOGRUPO, CODIGOTIME, CLASSIFICACAOTIME, ORDEMTIME) VALUES (1, 2, 8, 4, 4);
INSERT INTO GRUPOTIME (CODIGOCAMPEONATO, CODIGOGRUPO, CODIGOTIME, CLASSIFICACAOTIME, ORDEMTIME) VALUES (1, 3, 9, 1, 1);
INSERT INTO GRUPOTIME (CODIGOCAMPEONATO, CODIGOGRUPO, CODIGOTIME, CLASSIFICACAOTIME, ORDEMTIME) VALUES (1, 3, 10, 2, 2);
INSERT INTO GRUPOTIME (CODIGOCAMPEONATO, CODIGOGRUPO, CODIGOTIME, CLASSIFICACAOTIME, ORDEMTIME) VALUES (1, 3, 11, 3, 3);
INSERT INTO GRUPOTIME (CODIGOCAMPEONATO, CODIGOGRUPO, CODIGOTIME, CLASSIFICACAOTIME, ORDEMTIME) VALUES (1, 3, 12, 4, 4);
INSERT INTO GRUPOTIME (CODIGOCAMPEONATO, CODIGOGRUPO, CODIGOTIME, CLASSIFICACAOTIME, ORDEMTIME) VALUES (1, 4, 13, 1, 1);
INSERT INTO GRUPOTIME (CODIGOCAMPEONATO, CODIGOGRUPO, CODIGOTIME, CLASSIFICACAOTIME, ORDEMTIME) VALUES (1, 4, 14, 2, 2);
INSERT INTO GRUPOTIME (CODIGOCAMPEONATO, CODIGOGRUPO, CODIGOTIME, CLASSIFICACAOTIME, ORDEMTIME) VALUES (1, 4, 15, 3, 3);
INSERT INTO GRUPOTIME (CODIGOCAMPEONATO, CODIGOGRUPO, CODIGOTIME, CLASSIFICACAOTIME, ORDEMTIME) VALUES (1, 4, 16, 4, 4);
INSERT INTO GRUPOTIME (CODIGOCAMPEONATO, CODIGOGRUPO, CODIGOTIME, CLASSIFICACAOTIME, ORDEMTIME) VALUES (1, 5, 17, 1, 1);
INSERT INTO GRUPOTIME (CODIGOCAMPEONATO, CODIGOGRUPO, CODIGOTIME, CLASSIFICACAOTIME, ORDEMTIME) VALUES (1, 5, 18, 2, 2);
INSERT INTO GRUPOTIME (CODIGOCAMPEONATO, CODIGOGRUPO, CODIGOTIME, CLASSIFICACAOTIME, ORDEMTIME) VALUES (1, 5, 19, 3, 3);
INSERT INTO GRUPOTIME (CODIGOCAMPEONATO, CODIGOGRUPO, CODIGOTIME, CLASSIFICACAOTIME, ORDEMTIME) VALUES (1, 5, 20, 4, 4);
INSERT INTO GRUPOTIME (CODIGOCAMPEONATO, CODIGOGRUPO, CODIGOTIME, CLASSIFICACAOTIME, ORDEMTIME) VALUES (1, 6, 21, 1, 1);
INSERT INTO GRUPOTIME (CODIGOCAMPEONATO, CODIGOGRUPO, CODIGOTIME, CLASSIFICACAOTIME, ORDEMTIME) VALUES (1, 6, 22, 2, 2);
INSERT INTO GRUPOTIME (CODIGOCAMPEONATO, CODIGOGRUPO, CODIGOTIME, CLASSIFICACAOTIME, ORDEMTIME) VALUES (1, 6, 23, 3, 3);
INSERT INTO GRUPOTIME (CODIGOCAMPEONATO, CODIGOGRUPO, CODIGOTIME, CLASSIFICACAOTIME, ORDEMTIME) VALUES (1, 6, 24, 4, 4);
INSERT INTO GRUPOTIME (CODIGOCAMPEONATO, CODIGOGRUPO, CODIGOTIME, CLASSIFICACAOTIME, ORDEMTIME) VALUES (1, 7, 25, 1, 1);
INSERT INTO GRUPOTIME (CODIGOCAMPEONATO, CODIGOGRUPO, CODIGOTIME, CLASSIFICACAOTIME, ORDEMTIME) VALUES (1, 7, 26, 2, 2);
INSERT INTO GRUPOTIME (CODIGOCAMPEONATO, CODIGOGRUPO, CODIGOTIME, CLASSIFICACAOTIME, ORDEMTIME) VALUES (1, 7, 27, 3, 3);
INSERT INTO GRUPOTIME (CODIGOCAMPEONATO, CODIGOGRUPO, CODIGOTIME, CLASSIFICACAOTIME, ORDEMTIME) VALUES (1, 7, 28, 4, 4);
INSERT INTO GRUPOTIME (CODIGOCAMPEONATO, CODIGOGRUPO, CODIGOTIME, CLASSIFICACAOTIME, ORDEMTIME) VALUES (1, 8, 29, 1, 1);
INSERT INTO GRUPOTIME (CODIGOCAMPEONATO, CODIGOGRUPO, CODIGOTIME, CLASSIFICACAOTIME, ORDEMTIME) VALUES (1, 8, 30, 2, 2);
INSERT INTO GRUPOTIME (CODIGOCAMPEONATO, CODIGOGRUPO, CODIGOTIME, CLASSIFICACAOTIME, ORDEMTIME) VALUES (1, 8, 31, 3, 3);
INSERT INTO GRUPOTIME (CODIGOCAMPEONATO, CODIGOGRUPO, CODIGOTIME, CLASSIFICACAOTIME, ORDEMTIME) VALUES (1, 8, 32, 4, 4);


-- RODADA
INSERT INTO RODADA (CODIGOCAMPEONATO, CODIGOFASE, CODIGORODADA, DESCRICAORODADA, ORDEMRODADA) VALUES (1, 1, 1, '01ª RODADA', 1);
INSERT INTO RODADA (CODIGOCAMPEONATO, CODIGOFASE, CODIGORODADA, DESCRICAORODADA, ORDEMRODADA) VALUES (1, 1, 2, '02ª RODADA', 2);
INSERT INTO RODADA (CODIGOCAMPEONATO, CODIGOFASE, CODIGORODADA, DESCRICAORODADA, ORDEMRODADA) VALUES (1, 1, 3, '03ª RODADA', 3);


-- JOGO
INSERT INTO JOGO (CODIGOCAMPEONATO, CODIGOJOGO, CODIGOFASE, CODIGORODADA, CODIGOESTADIO, HORARIOJOGO, CODIGOTIME1, CODIGOTIME2) VALUES (1,  1, 1, 1, 1, CONVERT(DATETIME, '20/11/2022 13:00', 103),  1,  2);
INSERT INTO JOGO (CODIGOCAMPEONATO, CODIGOJOGO, CODIGOFASE, CODIGORODADA, CODIGOESTADIO, HORARIOJOGO, CODIGOTIME1, CODIGOTIME2) VALUES (1,  2, 1, 1, 2, CONVERT(DATETIME, '21/11/2022 13:00', 103),  3,  4);
INSERT INTO JOGO (CODIGOCAMPEONATO, CODIGOJOGO, CODIGOFASE, CODIGORODADA, CODIGOESTADIO, HORARIOJOGO, CODIGOTIME1, CODIGOTIME2) VALUES (1,  3, 1, 1, 3, CONVERT(DATETIME, '21/11/2022 10:00', 103),  5,  6);
INSERT INTO JOGO (CODIGOCAMPEONATO, CODIGOJOGO, CODIGOFASE, CODIGORODADA, CODIGOESTADIO, HORARIOJOGO, CODIGOTIME1, CODIGOTIME2) VALUES (1,  4, 1, 1, 4, CONVERT(DATETIME, '21/11/2022 16:00', 103),  7,  8);
INSERT INTO JOGO (CODIGOCAMPEONATO, CODIGOJOGO, CODIGOFASE, CODIGORODADA, CODIGOESTADIO, HORARIOJOGO, CODIGOTIME1, CODIGOTIME2) VALUES (1,  5, 1, 1, 5, CONVERT(DATETIME, '22/11/2022 07:00', 103),  9, 10);
INSERT INTO JOGO (CODIGOCAMPEONATO, CODIGOJOGO, CODIGOFASE, CODIGORODADA, CODIGOESTADIO, HORARIOJOGO, CODIGOTIME1, CODIGOTIME2) VALUES (1,  6, 1, 1, 6, CONVERT(DATETIME, '22/11/2022 13:00', 103), 11, 12);
INSERT INTO JOGO (CODIGOCAMPEONATO, CODIGOJOGO, CODIGOFASE, CODIGORODADA, CODIGOESTADIO, HORARIOJOGO, CODIGOTIME1, CODIGOTIME2) VALUES (1,  7, 1, 1, 7, CONVERT(DATETIME, '22/11/2022 10:00', 103), 13, 14);
INSERT INTO JOGO (CODIGOCAMPEONATO, CODIGOJOGO, CODIGOFASE, CODIGORODADA, CODIGOESTADIO, HORARIOJOGO, CODIGOTIME1, CODIGOTIME2) VALUES (1,  8, 1, 1, 8, CONVERT(DATETIME, '22/11/2022 16:00', 103), 15, 16);
INSERT INTO JOGO (CODIGOCAMPEONATO, CODIGOJOGO, CODIGOFASE, CODIGORODADA, CODIGOESTADIO, HORARIOJOGO, CODIGOTIME1, CODIGOTIME2) VALUES (1,  9, 1, 1, 3, CONVERT(DATETIME, '23/11/2022 10:00', 103), 17, 18);
INSERT INTO JOGO (CODIGOCAMPEONATO, CODIGOJOGO, CODIGOFASE, CODIGORODADA, CODIGOESTADIO, HORARIOJOGO, CODIGOTIME1, CODIGOTIME2) VALUES (1, 10, 1, 1, 2, CONVERT(DATETIME, '23/11/2022 13:00', 103), 19, 20);
INSERT INTO JOGO (CODIGOCAMPEONATO, CODIGOJOGO, CODIGOFASE, CODIGORODADA, CODIGOESTADIO, HORARIOJOGO, CODIGOTIME1, CODIGOTIME2) VALUES (1, 11, 1, 1, 1, CONVERT(DATETIME, '23/11/2022 07:00', 103), 21, 22);
INSERT INTO JOGO (CODIGOCAMPEONATO, CODIGOJOGO, CODIGOFASE, CODIGORODADA, CODIGOESTADIO, HORARIOJOGO, CODIGOTIME1, CODIGOTIME2) VALUES (1, 12, 1, 1, 4, CONVERT(DATETIME, '23/11/2022 16:00', 103), 23, 24);
INSERT INTO JOGO (CODIGOCAMPEONATO, CODIGOJOGO, CODIGOFASE, CODIGORODADA, CODIGOESTADIO, HORARIOJOGO, CODIGOTIME1, CODIGOTIME2) VALUES (1, 13, 1, 1, 8, CONVERT(DATETIME, '24/11/2022 07:00', 103), 25, 26);
INSERT INTO JOGO (CODIGOCAMPEONATO, CODIGOJOGO, CODIGOFASE, CODIGORODADA, CODIGOESTADIO, HORARIOJOGO, CODIGOTIME1, CODIGOTIME2) VALUES (1, 14, 1, 1, 5, CONVERT(DATETIME, '24/11/2022 16:00', 103), 27, 28);
INSERT INTO JOGO (CODIGOCAMPEONATO, CODIGOJOGO, CODIGOFASE, CODIGORODADA, CODIGOESTADIO, HORARIOJOGO, CODIGOTIME1, CODIGOTIME2) VALUES (1, 15, 1, 1, 7, CONVERT(DATETIME, '24/11/2022 10:00', 103), 29, 30);
INSERT INTO JOGO (CODIGOCAMPEONATO, CODIGOJOGO, CODIGOFASE, CODIGORODADA, CODIGOESTADIO, HORARIOJOGO, CODIGOTIME1, CODIGOTIME2) VALUES (1, 16, 1, 1, 6, CONVERT(DATETIME, '24/11/2022 13:00', 103), 31, 32);
INSERT INTO JOGO (CODIGOCAMPEONATO, CODIGOJOGO, CODIGOFASE, CODIGORODADA, CODIGOESTADIO, HORARIOJOGO, CODIGOTIME1, CODIGOTIME2) VALUES (1, 17, 1, 2, 2, CONVERT(DATETIME, '25/11/2022 10:00', 103),  1,  3);
INSERT INTO JOGO (CODIGOCAMPEONATO, CODIGOJOGO, CODIGOFASE, CODIGORODADA, CODIGOESTADIO, HORARIOJOGO, CODIGOTIME1, CODIGOTIME2) VALUES (1, 18, 1, 2, 3, CONVERT(DATETIME, '25/11/2022 13:00', 103),  4,  2);
INSERT INTO JOGO (CODIGOCAMPEONATO, CODIGOJOGO, CODIGOFASE, CODIGORODADA, CODIGOESTADIO, HORARIOJOGO, CODIGOTIME1, CODIGOTIME2) VALUES (1, 19, 1, 2, 4, CONVERT(DATETIME, '25/11/2022 07:00', 103),  8,  6);
INSERT INTO JOGO (CODIGOCAMPEONATO, CODIGOJOGO, CODIGOFASE, CODIGORODADA, CODIGOESTADIO, HORARIOJOGO, CODIGOTIME1, CODIGOTIME2) VALUES (1, 20, 1, 2, 1, CONVERT(DATETIME, '25/11/2022 16:00', 103),  5,  7);
INSERT INTO JOGO (CODIGOCAMPEONATO, CODIGOJOGO, CODIGOFASE, CODIGORODADA, CODIGOESTADIO, HORARIOJOGO, CODIGOTIME1, CODIGOTIME2) VALUES (1, 21, 1, 2, 7, CONVERT(DATETIME, '26/11/2022 10:00', 103), 12, 10);
INSERT INTO JOGO (CODIGOCAMPEONATO, CODIGOJOGO, CODIGOFASE, CODIGORODADA, CODIGOESTADIO, HORARIOJOGO, CODIGOTIME1, CODIGOTIME2) VALUES (1, 22, 1, 2, 5, CONVERT(DATETIME, '26/11/2022 16:00', 103),  9, 11);
INSERT INTO JOGO (CODIGOCAMPEONATO, CODIGOJOGO, CODIGOFASE, CODIGORODADA, CODIGOESTADIO, HORARIOJOGO, CODIGOTIME1, CODIGOTIME2) VALUES (1, 23, 1, 2, 8, CONVERT(DATETIME, '26/11/2022 07:00', 103), 14, 16);
INSERT INTO JOGO (CODIGOCAMPEONATO, CODIGOJOGO, CODIGOFASE, CODIGORODADA, CODIGOESTADIO, HORARIOJOGO, CODIGOTIME1, CODIGOTIME2) VALUES (1, 24, 1, 2, 6, CONVERT(DATETIME, '26/11/2022 13:00', 103), 15, 13);
INSERT INTO JOGO (CODIGOCAMPEONATO, CODIGOJOGO, CODIGOFASE, CODIGORODADA, CODIGOESTADIO, HORARIOJOGO, CODIGOTIME1, CODIGOTIME2) VALUES (1, 25, 1, 2, 4, CONVERT(DATETIME, '27/11/2022 07:00', 103), 18, 20);
INSERT INTO JOGO (CODIGOCAMPEONATO, CODIGOJOGO, CODIGOFASE, CODIGORODADA, CODIGOESTADIO, HORARIOJOGO, CODIGOTIME1, CODIGOTIME2) VALUES (1, 26, 1, 2, 1, CONVERT(DATETIME, '27/11/2022 16:00', 103), 19, 17);
INSERT INTO JOGO (CODIGOCAMPEONATO, CODIGOJOGO, CODIGOFASE, CODIGORODADA, CODIGOESTADIO, HORARIOJOGO, CODIGOTIME1, CODIGOTIME2) VALUES (1, 27, 1, 2, 2, CONVERT(DATETIME, '27/11/2022 10:00', 103), 23, 21);
INSERT INTO JOGO (CODIGOCAMPEONATO, CODIGOJOGO, CODIGOFASE, CODIGORODADA, CODIGOESTADIO, HORARIOJOGO, CODIGOTIME1, CODIGOTIME2) VALUES (1, 28, 1, 2, 3, CONVERT(DATETIME, '27/11/2022 13:00', 103), 22, 24);
INSERT INTO JOGO (CODIGOCAMPEONATO, CODIGOJOGO, CODIGOFASE, CODIGORODADA, CODIGOESTADIO, HORARIOJOGO, CODIGOTIME1, CODIGOTIME2) VALUES (1, 29, 1, 2, 8, CONVERT(DATETIME, '28/11/2022 07:00', 103), 26, 28);
INSERT INTO JOGO (CODIGOCAMPEONATO, CODIGOJOGO, CODIGOFASE, CODIGORODADA, CODIGOESTADIO, HORARIOJOGO, CODIGOTIME1, CODIGOTIME2) VALUES (1, 30, 1, 2, 6, CONVERT(DATETIME, '28/11/2022 13:00', 103), 27, 25);
INSERT INTO JOGO (CODIGOCAMPEONATO, CODIGOJOGO, CODIGOFASE, CODIGORODADA, CODIGOESTADIO, HORARIOJOGO, CODIGOTIME1, CODIGOTIME2) VALUES (1, 31, 1, 2, 7, CONVERT(DATETIME, '28/11/2022 10:00', 103), 30, 32);
INSERT INTO JOGO (CODIGOCAMPEONATO, CODIGOJOGO, CODIGOFASE, CODIGORODADA, CODIGOESTADIO, HORARIOJOGO, CODIGOTIME1, CODIGOTIME2) VALUES (1, 32, 1, 2, 5, CONVERT(DATETIME, '28/11/2022 16:00', 103), 31, 29);
INSERT INTO JOGO (CODIGOCAMPEONATO, CODIGOJOGO, CODIGOFASE, CODIGORODADA, CODIGOESTADIO, HORARIOJOGO, CODIGOTIME1, CODIGOTIME2) VALUES (1, 33, 1, 3, 1, CONVERT(DATETIME, '29/11/2022 12:00', 103),  4,  1);
INSERT INTO JOGO (CODIGOCAMPEONATO, CODIGOJOGO, CODIGOFASE, CODIGORODADA, CODIGOESTADIO, HORARIOJOGO, CODIGOTIME1, CODIGOTIME2) VALUES (1, 34, 1, 3, 3, CONVERT(DATETIME, '29/11/2022 12:00', 103),  2,  3);
INSERT INTO JOGO (CODIGOCAMPEONATO, CODIGOJOGO, CODIGOFASE, CODIGORODADA, CODIGOESTADIO, HORARIOJOGO, CODIGOTIME1, CODIGOTIME2) VALUES (1, 35, 1, 3, 2, CONVERT(DATETIME, '29/11/2022 16:00', 103),  6,  7);
INSERT INTO JOGO (CODIGOCAMPEONATO, CODIGOJOGO, CODIGOFASE, CODIGORODADA, CODIGOESTADIO, HORARIOJOGO, CODIGOTIME1, CODIGOTIME2) VALUES (1, 36, 1, 3, 4, CONVERT(DATETIME, '29/11/2022 16:00', 103),  8,  5);
INSERT INTO JOGO (CODIGOCAMPEONATO, CODIGOJOGO, CODIGOFASE, CODIGORODADA, CODIGOESTADIO, HORARIOJOGO, CODIGOTIME1, CODIGOTIME2) VALUES (1, 37, 1, 3, 6, CONVERT(DATETIME, '30/11/2022 16:00', 103), 12,  9);
INSERT INTO JOGO (CODIGOCAMPEONATO, CODIGOJOGO, CODIGOFASE, CODIGORODADA, CODIGOESTADIO, HORARIOJOGO, CODIGOTIME1, CODIGOTIME2) VALUES (1, 38, 1, 3, 5, CONVERT(DATETIME, '30/11/2022 16:00', 103), 10, 11);
INSERT INTO JOGO (CODIGOCAMPEONATO, CODIGOJOGO, CODIGOFASE, CODIGORODADA, CODIGOESTADIO, HORARIOJOGO, CODIGOTIME1, CODIGOTIME2) VALUES (1, 39, 1, 3, 7, CONVERT(DATETIME, '30/11/2022 12:00', 103), 14, 15);
INSERT INTO JOGO (CODIGOCAMPEONATO, CODIGOJOGO, CODIGOFASE, CODIGORODADA, CODIGOESTADIO, HORARIOJOGO, CODIGOTIME1, CODIGOTIME2) VALUES (1, 40, 1, 3, 8, CONVERT(DATETIME, '30/11/2022 12:00', 103), 16, 13);
INSERT INTO JOGO (CODIGOCAMPEONATO, CODIGOJOGO, CODIGOFASE, CODIGORODADA, CODIGOESTADIO, HORARIOJOGO, CODIGOTIME1, CODIGOTIME2) VALUES (1, 41, 1, 3, 3, CONVERT(DATETIME, '01/12/2022 16:00', 103), 18, 19);
INSERT INTO JOGO (CODIGOCAMPEONATO, CODIGOJOGO, CODIGOFASE, CODIGORODADA, CODIGOESTADIO, HORARIOJOGO, CODIGOTIME1, CODIGOTIME2) VALUES (1, 42, 1, 3, 1, CONVERT(DATETIME, '01/12/2022 16:00', 103), 20, 17);
INSERT INTO JOGO (CODIGOCAMPEONATO, CODIGOJOGO, CODIGOFASE, CODIGORODADA, CODIGOESTADIO, HORARIOJOGO, CODIGOTIME1, CODIGOTIME2) VALUES (1, 43, 1, 3, 4, CONVERT(DATETIME, '01/12/2022 12:00', 103), 22, 23);
INSERT INTO JOGO (CODIGOCAMPEONATO, CODIGOJOGO, CODIGOFASE, CODIGORODADA, CODIGOESTADIO, HORARIOJOGO, CODIGOTIME1, CODIGOTIME2) VALUES (1, 44, 1, 3, 2, CONVERT(DATETIME, '01/12/2022 12:00', 103), 24, 21);
INSERT INTO JOGO (CODIGOCAMPEONATO, CODIGOJOGO, CODIGOFASE, CODIGORODADA, CODIGOESTADIO, HORARIOJOGO, CODIGOTIME1, CODIGOTIME2) VALUES (1, 45, 1, 3, 5, CONVERT(DATETIME, '02/12/2022 16:00', 103), 26, 27);
INSERT INTO JOGO (CODIGOCAMPEONATO, CODIGOJOGO, CODIGOFASE, CODIGORODADA, CODIGOESTADIO, HORARIOJOGO, CODIGOTIME1, CODIGOTIME2) VALUES (1, 46, 1, 3, 6, CONVERT(DATETIME, '02/12/2022 16:00', 103), 28, 25);
INSERT INTO JOGO (CODIGOCAMPEONATO, CODIGOJOGO, CODIGOFASE, CODIGORODADA, CODIGOESTADIO, HORARIOJOGO, CODIGOTIME1, CODIGOTIME2) VALUES (1, 47, 1, 3, 7, CONVERT(DATETIME, '02/12/2022 12:00', 103), 30, 31);
INSERT INTO JOGO (CODIGOCAMPEONATO, CODIGOJOGO, CODIGOFASE, CODIGORODADA, CODIGOESTADIO, HORARIOJOGO, CODIGOTIME1, CODIGOTIME2) VALUES (1, 48, 1, 3, 8, CONVERT(DATETIME, '02/12/2022 12:00', 103), 32, 29);


-- REGRA
INSERT INTO REGRA (CODIGOCAMPEONATO, CODIGOREGRA, DESCRICAOREGRA, TIPOREGRA, CODIGOGRUPO, CLASSIFICACAOTIME) VALUES (1, 1, '1º A', 1, 1, 1);
INSERT INTO REGRA (CODIGOCAMPEONATO, CODIGOREGRA, DESCRICAOREGRA, TIPOREGRA, CODIGOGRUPO, CLASSIFICACAOTIME) VALUES (1, 2, '2º A', 1, 1, 2);
INSERT INTO REGRA (CODIGOCAMPEONATO, CODIGOREGRA, DESCRICAOREGRA, TIPOREGRA, CODIGOGRUPO, CLASSIFICACAOTIME) VALUES (1, 3, '1º B', 1, 2, 1);
INSERT INTO REGRA (CODIGOCAMPEONATO, CODIGOREGRA, DESCRICAOREGRA, TIPOREGRA, CODIGOGRUPO, CLASSIFICACAOTIME) VALUES (1, 4, '2º B', 1, 2, 2);
INSERT INTO REGRA (CODIGOCAMPEONATO, CODIGOREGRA, DESCRICAOREGRA, TIPOREGRA, CODIGOGRUPO, CLASSIFICACAOTIME) VALUES (1, 5, '1º C', 1, 3, 1);
INSERT INTO REGRA (CODIGOCAMPEONATO, CODIGOREGRA, DESCRICAOREGRA, TIPOREGRA, CODIGOGRUPO, CLASSIFICACAOTIME) VALUES (1, 6, '2º C', 1, 3, 2);
INSERT INTO REGRA (CODIGOCAMPEONATO, CODIGOREGRA, DESCRICAOREGRA, TIPOREGRA, CODIGOGRUPO, CLASSIFICACAOTIME) VALUES (1, 7, '1º D', 1, 4, 1);
INSERT INTO REGRA (CODIGOCAMPEONATO, CODIGOREGRA, DESCRICAOREGRA, TIPOREGRA, CODIGOGRUPO, CLASSIFICACAOTIME) VALUES (1, 8, '2º D', 1, 4, 2);
INSERT INTO REGRA (CODIGOCAMPEONATO, CODIGOREGRA, DESCRICAOREGRA, TIPOREGRA, CODIGOGRUPO, CLASSIFICACAOTIME) VALUES (1, 9, '1º E', 1, 5, 1);
INSERT INTO REGRA (CODIGOCAMPEONATO, CODIGOREGRA, DESCRICAOREGRA, TIPOREGRA, CODIGOGRUPO, CLASSIFICACAOTIME) VALUES (1, 10, '2º E', 1, 5, 2);
INSERT INTO REGRA (CODIGOCAMPEONATO, CODIGOREGRA, DESCRICAOREGRA, TIPOREGRA, CODIGOGRUPO, CLASSIFICACAOTIME) VALUES (1, 11, '1º F', 1, 6, 1);
INSERT INTO REGRA (CODIGOCAMPEONATO, CODIGOREGRA, DESCRICAOREGRA, TIPOREGRA, CODIGOGRUPO, CLASSIFICACAOTIME) VALUES (1, 12, '2º F', 1, 6, 2);
INSERT INTO REGRA (CODIGOCAMPEONATO, CODIGOREGRA, DESCRICAOREGRA, TIPOREGRA, CODIGOGRUPO, CLASSIFICACAOTIME) VALUES (1, 13, '1º G', 1, 7, 1);
INSERT INTO REGRA (CODIGOCAMPEONATO, CODIGOREGRA, DESCRICAOREGRA, TIPOREGRA, CODIGOGRUPO, CLASSIFICACAOTIME) VALUES (1, 14, '2º G', 1, 7, 2);
INSERT INTO REGRA (CODIGOCAMPEONATO, CODIGOREGRA, DESCRICAOREGRA, TIPOREGRA, CODIGOGRUPO, CLASSIFICACAOTIME) VALUES (1, 15, '1º H', 1, 8, 1);
INSERT INTO REGRA (CODIGOCAMPEONATO, CODIGOREGRA, DESCRICAOREGRA, TIPOREGRA, CODIGOGRUPO, CLASSIFICACAOTIME) VALUES (1, 16, '2º H', 1, 8, 2);


-- JOGO
INSERT INTO JOGO (CODIGOCAMPEONATO, CODIGOJOGO, CODIGOFASE, CODIGOESTADIO, HORARIOJOGO, CODIGOREGRA1, CODIGOREGRA2) VALUES (1, 49, 2, 3, CONVERT(DATETIME, '03/12/2022 12:00', 103), 1, 4);
INSERT INTO JOGO (CODIGOCAMPEONATO, CODIGOJOGO, CODIGOFASE, CODIGOESTADIO, HORARIOJOGO, CODIGOREGRA1, CODIGOREGRA2) VALUES (1, 50, 2, 4, CONVERT(DATETIME, '03/12/2022 16:00', 103), 5, 8);
INSERT INTO JOGO (CODIGOCAMPEONATO, CODIGOJOGO, CODIGOFASE, CODIGOESTADIO, HORARIOJOGO, CODIGOREGRA1, CODIGOREGRA2) VALUES (1, 51, 2, 8, CONVERT(DATETIME, '05/12/2022 12:00', 103), 9, 12);
INSERT INTO JOGO (CODIGOCAMPEONATO, CODIGOJOGO, CODIGOFASE, CODIGOESTADIO, HORARIOJOGO, CODIGOREGRA1, CODIGOREGRA2) VALUES (1, 52, 2, 6, CONVERT(DATETIME, '05/12/2022 16:00', 103), 13, 16);
INSERT INTO JOGO (CODIGOCAMPEONATO, CODIGOJOGO, CODIGOFASE, CODIGOESTADIO, HORARIOJOGO, CODIGOREGRA1, CODIGOREGRA2) VALUES (1, 53, 2, 1, CONVERT(DATETIME, '04/12/2022 16:00', 103), 3, 2);
INSERT INTO JOGO (CODIGOCAMPEONATO, CODIGOJOGO, CODIGOFASE, CODIGOESTADIO, HORARIOJOGO, CODIGOREGRA1, CODIGOREGRA2) VALUES (1, 54, 2, 2, CONVERT(DATETIME, '04/12/2022 12:00', 103), 7, 6);
INSERT INTO JOGO (CODIGOCAMPEONATO, CODIGOJOGO, CODIGOFASE, CODIGOESTADIO, HORARIOJOGO, CODIGOREGRA1, CODIGOREGRA2) VALUES (1, 55, 2, 7, CONVERT(DATETIME, '06/12/2022 12:00', 103), 11, 10);
INSERT INTO JOGO (CODIGOCAMPEONATO, CODIGOJOGO, CODIGOFASE, CODIGOESTADIO, HORARIOJOGO, CODIGOREGRA1, CODIGOREGRA2) VALUES (1, 56, 2, 5, CONVERT(DATETIME, '06/12/2022 16:00', 103), 15, 14);


-- REGRA
INSERT INTO REGRA (CODIGOCAMPEONATO, CODIGOREGRA, DESCRICAOREGRA, TIPOREGRA, CODIGOJOGO) VALUES (1, 17, 'Vencedor do jogo 49', 2, 49);
INSERT INTO REGRA (CODIGOCAMPEONATO, CODIGOREGRA, DESCRICAOREGRA, TIPOREGRA, CODIGOJOGO) VALUES (1, 18, 'Vencedor do jogo 50', 2, 50);
INSERT INTO REGRA (CODIGOCAMPEONATO, CODIGOREGRA, DESCRICAOREGRA, TIPOREGRA, CODIGOJOGO) VALUES (1, 19, 'Vencedor do jogo 51', 2, 51);
INSERT INTO REGRA (CODIGOCAMPEONATO, CODIGOREGRA, DESCRICAOREGRA, TIPOREGRA, CODIGOJOGO) VALUES (1, 20, 'Vencedor do jogo 52', 2, 52);
INSERT INTO REGRA (CODIGOCAMPEONATO, CODIGOREGRA, DESCRICAOREGRA, TIPOREGRA, CODIGOJOGO) VALUES (1, 21, 'Vencedor do jogo 53', 2, 53);
INSERT INTO REGRA (CODIGOCAMPEONATO, CODIGOREGRA, DESCRICAOREGRA, TIPOREGRA, CODIGOJOGO) VALUES (1, 22, 'Vencedor do jogo 54', 2, 54);
INSERT INTO REGRA (CODIGOCAMPEONATO, CODIGOREGRA, DESCRICAOREGRA, TIPOREGRA, CODIGOJOGO) VALUES (1, 23, 'Vencedor do jogo 55', 2, 55);
INSERT INTO REGRA (CODIGOCAMPEONATO, CODIGOREGRA, DESCRICAOREGRA, TIPOREGRA, CODIGOJOGO) VALUES (1, 24, 'Vencedor do jogo 56', 2, 56);


-- JOGO
INSERT INTO JOGO (CODIGOCAMPEONATO, CODIGOJOGO, CODIGOFASE, CODIGOESTADIO, HORARIOJOGO, CODIGOREGRA1, CODIGOREGRA2) VALUES (1, 57, 3, 5, CONVERT(DATETIME, '09/12/2022 16:00', 103), 17, 18);
INSERT INTO JOGO (CODIGOCAMPEONATO, CODIGOJOGO, CODIGOFASE, CODIGOESTADIO, HORARIOJOGO, CODIGOREGRA1, CODIGOREGRA2) VALUES (1, 58, 3, 7, CONVERT(DATETIME, '09/12/2022 12:00', 103), 19, 20);
INSERT INTO JOGO (CODIGOCAMPEONATO, CODIGOJOGO, CODIGOFASE, CODIGOESTADIO, HORARIOJOGO, CODIGOREGRA1, CODIGOREGRA2) VALUES (1, 59, 3, 1, CONVERT(DATETIME, '10/12/2022 16:00', 103), 21, 22);
INSERT INTO JOGO (CODIGOCAMPEONATO, CODIGOJOGO, CODIGOFASE, CODIGOESTADIO, HORARIOJOGO, CODIGOREGRA1, CODIGOREGRA2) VALUES (1, 60, 3, 2, CONVERT(DATETIME, '10/12/2022 12:00', 103), 23, 24);


-- REGRA
INSERT INTO REGRA (CODIGOCAMPEONATO, CODIGOREGRA, DESCRICAOREGRA, TIPOREGRA, CODIGOJOGO) VALUES (1, 25, 'Vencedor do jogo 57', 2, 57);
INSERT INTO REGRA (CODIGOCAMPEONATO, CODIGOREGRA, DESCRICAOREGRA, TIPOREGRA, CODIGOJOGO) VALUES (1, 26, 'Vencedor do jogo 58', 2, 58);
INSERT INTO REGRA (CODIGOCAMPEONATO, CODIGOREGRA, DESCRICAOREGRA, TIPOREGRA, CODIGOJOGO) VALUES (1, 27, 'Vencedor do jogo 59', 2, 59);
INSERT INTO REGRA (CODIGOCAMPEONATO, CODIGOREGRA, DESCRICAOREGRA, TIPOREGRA, CODIGOJOGO) VALUES (1, 28, 'Vencedor do jogo 60', 2, 60);


-- JOGO
INSERT INTO JOGO (CODIGOCAMPEONATO, CODIGOJOGO, CODIGOFASE, CODIGOESTADIO, HORARIOJOGO, CODIGOREGRA1, CODIGOREGRA2) VALUES (1, 61, 4, 5, CONVERT(DATETIME, '13/12/2022 16:00', 103), 25, 26);
INSERT INTO JOGO (CODIGOCAMPEONATO, CODIGOJOGO, CODIGOFASE, CODIGOESTADIO, HORARIOJOGO, CODIGOREGRA1, CODIGOREGRA2) VALUES (1, 62, 4, 1, CONVERT(DATETIME, '14/12/2022 16:00', 103), 27, 28);


-- REGRA
INSERT INTO REGRA (CODIGOCAMPEONATO, CODIGOREGRA, DESCRICAOREGRA, TIPOREGRA, CODIGOJOGO) VALUES (1, 29, 'Perdedor do jogo 61', 3, 61);
INSERT INTO REGRA (CODIGOCAMPEONATO, CODIGOREGRA, DESCRICAOREGRA, TIPOREGRA, CODIGOJOGO) VALUES (1, 30, 'Perdedor do jogo 62', 3, 62);
INSERT INTO REGRA (CODIGOCAMPEONATO, CODIGOREGRA, DESCRICAOREGRA, TIPOREGRA, CODIGOJOGO) VALUES (1, 31, 'Vencedor do jogo 61', 2, 61);
INSERT INTO REGRA (CODIGOCAMPEONATO, CODIGOREGRA, DESCRICAOREGRA, TIPOREGRA, CODIGOJOGO) VALUES (1, 32, 'Vencedor do jogo 62', 2, 62);


-- JOGO
INSERT INTO JOGO (CODIGOCAMPEONATO, CODIGOJOGO, CODIGOFASE, CODIGOESTADIO, HORARIOJOGO, CODIGOREGRA1, CODIGOREGRA2) VALUES (1, 63, 5, 3, CONVERT(DATETIME, '17/12/2022 12:00', 103), 29, 30);
INSERT INTO JOGO (CODIGOCAMPEONATO, CODIGOJOGO, CODIGOFASE, CODIGOESTADIO, HORARIOJOGO, CODIGOREGRA1, CODIGOREGRA2) VALUES (1, 64, 6, 5, CONVERT(DATETIME, '18/12/2022 12:00', 103), 31, 32);
